model,channel,residual_rms,mean_abs_offdiag_residual_correlation
full_mimo,0,0.3012258084467884,0.016741693104138384
full_mimo,1,0.30415217468533745,0.016741693104138384
full_mimo,2,0.29945168601791494,0.016741693104138384
diagonal_ablation,0,0.31669546876594473,0.05191409356432348
diagonal_ablation,1,0.32782330415591165,0.05191409356432348
diagonal_ablation,2,0.3172931214011228,0.05191409356432348
independent_siso,0,0.3159098942341208,0.0530081307623883
independent_siso,1,0.32605084870415296,0.0530081307623883
independent_siso,2,0.31618402313742533,0.0530081307623883
